Owner,Certificate Issuer Organization,Certificate Issuer Organizational Unit,Common Name or Certificate Name,Request Status,Root Certificate Download URL,SHA-1 Fingerprint,Valid From [GMT],Valid To [GMT],Signing Key Parameters,Signature Algorithm,Trust Bits,EV Policy OID(s),Approval Bug,URL to Test Website,Mozilla Applied Constraints,Company Website,Geographic Focus,CA Document Repository,Certificate Policy (CP),Certification Practice Statement (CPS),Standard Audit,BR Audit,EV Audit,Auditor,Standard Audit Type,Standard Audit Statement Dt,Publicly Disclosed & Audited subCAs
A-Trust,A-Trust Ges. f. Sicherheitssysteme im elektr. Datenverkehr GmbH,A-Trust-Root-05,A-Trust-Root-05,Need Information from CA,http://www.a-trust.at/certs/A-Trust-Root-05.crt,2E:66:C9:84:11:81:C0:8F:B1:DF:AB:D4:FF:8D:5C:C7:2B:E0:8F:02,2013 Sep 23,2023 Sep 20,4096,SHA-256,Websites,1.2.40.0.17.1.22,https://bugzilla.mozilla.org/show_bug.cgi?id=1092963,https://ca-train.a-trust.at/,None,http://www.a-trust.at,"Austria, Central Europe",http://www.a-trust.at/ATrust/Downloads.aspx,http://www.a-trust.at/docs/cp/a-sign-ssl/a-sign-ssl.pdf,http://www.a-trust.at/docs/cp/a-sign-ssl/Certification%20Practice%20Statement_a-sign-ssl.pdf,https://cert.webtrust.org/SealFile?seal=1753&file=pdf,NEED See https://wiki.mozilla.org/CA:BaselineRequirements#Extended_Validation Please have your auditor review the entire wiki page: https://wiki.mozilla.org/CA:BaselineRequirements,https://cert.webtrust.org/SealFile?seal=1754&file=pdf,Ernst & Young,WebTrust,2014.10.03,https://bugzilla.mozilla.org/show_bug.cgi?id=1092963
"Consorci Administració Oberta de Catalunya (Consorci AOC, CATCert)",Agencia Catalana de Certificacio (NIF Q-0801176-I),Jerarquia Entitats de Certificacio Catalanes,EC-ACC,Need Information from CA,http://www.catcert.cat/descarrega/acc_sha2.crt,A1:DA:3F:18:BF:40:AF:2A:A7:48:07:9C:1F:0F:14:DC:39:D4:3C:7A,2012 Apr 17,2031 Jan 07,2048,SHA-256,Websites,,https://bugzilla.mozilla.org/show_bug.cgi?id=720326,https://test_ev_cds.catcert.cat,,http://www.aoc.cat/Inici/SERVEIS/Signatura-electronica-i-seguretat/CATCert,,,https://bugzilla.mozilla.org/attachment.cgi?id=479370,http://www.aoc.cat/Inici/SERVEIS/Signatura-electronica-i-seguretat/CATCert/Regulacio,https://cert.webtrust.org/SealFile?seal=1647&file=pdf,,https://cert.webtrust.org/SealFile?seal=1648&file=pdf,Ernst & Young,WebTrust,2014.03.10,
Autoridad Certificadora Raíz Nacional de Uruguay (ACRN),AGESIC,,Autoridad Certificadora Raíz Nacional de Uruguay,Need Information from CA,http://www.agesic.gub.uy/acrn,7A:1C:DD:E3:D2:19:7E:71:37:43:3D:3F:99:C0:B3:69:F7:06:C7:49,2011 Nov 03,2031 Oct 29,4096,SHA-256,Code; Email; Websites,Not EV,https://bugzilla.mozilla.org/show_bug.cgi?id=925740,,,http://www.agesic.gub.uy/acrn,,,http://www.agesic.gub.uy/acrn/,http://www.agesic.gub.uy/acrn/,,,,Deloitte,WebTrust,,
ANF Autoridad de Certificación,ANF Autoridad de Certificacion,ANF Clase 1 CA,ANF Global Root CA,CA Action Items from Discussion,http://www.anf.es/es/certificates_download/ANF_Global_Root_CA_SHA256.cer,26:CA:FF:09:A7:AF:BA:E9:68:10:CF:FF:82:1A:94:32:6D:28:45:AA,2013 Jun 10,2033 Jun 05,4096,SHA-256,Websites,1.3.6.1.4.1.18332.55.1.1.2.22,https://bugzilla.mozilla.org/show_bug.cgi?id=555156,https://kerberosns.com/cloud,,http://www.anf.es,,,https://www.anf.es/es/pdf/PC_SSL_Sede_EV_EN.pdf,https://www.anf.es/es/pdf/DPC_ANF_AC_EN.pdf,https://cert.webtrust.org/SealFile?seal=1625&file=pdf,https://bugzilla.mozilla.org/attachment.cgi?id=8401262,https://cert.webtrust.org/SealFile?seal=1626&file=pdf,DNB,WebTrust,2013.12.20,http://www.anf.es/es/certificados-de-ca-intermedias.html
ANF Autoridad de Certificación,ANF Autoridad de Certificación,ANF Clase 1 CA,ANF Server CA,CA Action Items from Discussion,http://www.anf.es/es/certificates_download/ANF_Server_CA.cer,CE:A9:89:0D:85:D8:07:53:A6:26:28:6C:DA:D7:8C:B5:66:D7:0C:F2,2009 Nov 30,2021 Nov 30,2048,SHA-1,Websites,Not EV,https://bugzilla.mozilla.org/show_bug.cgi?id=555156,https://anf.kerberosns.com/en/,,http://www.anf.es,,,https://www.anf.es/es/pdf/PC_SSL_Sede_EV_EN.pdf,https://www.anf.es/es/pdf/DPC_ANF_AC_EN.pdf,https://cert.webtrust.org/SealFile?seal=1625&file=pdf,https://bugzilla.mozilla.org/attachment.cgi?id=8401262,https://cert.webtrust.org/SealFile?seal=1626&file=pdf,DNB,WebTrust,2013.12.20,
Athens Stock Exchange,Athens Exchange S.A.,,ATHEX Root CA,Need Information from CA,http://www.helex.gr/documents/10180/681760/Certificates.zip,DB:2B:7B:43:4D:FB:7F:C1:CB:59:26:EC:5D:95:21:FE:35:0F:F2:79,2010 Oct 18,2030 Oct 17,2048,SHA-1,Code; Email; Websites,?,https://bugzilla.mozilla.org/show_bug.cgi?id=967387,https://trs.helex.gr/,,http://www.helex.gr/digital-certificates,,,http://www.helex.gr/web/guest/digital-certificates-pki-regulations,http://www.helex.gr/web/guest/digital-certificates-pki-regulations,https://bug967387.bugzilla.mozilla.org/attachment.cgi?id=8380545,,,Ernst & Young,WebTrust,2013.07.31,
Autoridad de Certificacion Firmaprofesional,Autoridad de Certificacion Firmaprofesional,,Autoridad de Certificacion Firmaprofesional CIF A62634068,Need Information from CA,http://crl.firmaprofesional.com/caroot256.crt,0B:BE:C2:27:22:49:CB:39:AA:DB:35:5C:53:E3:8C:AE:78:FF:B6:FE,2014 Sep 23,2036 May 05,4096,SHA-256,Code; Email; Websites,1.3.6.1.4.1.13177.10.1.3.10,https://bugzilla.mozilla.org/show_bug.cgi?id=1102143,https://www.firmaprofesional.com,None,www.firmaprofesional.com,Spain,https://www.firmaprofesional.com/esp/cps-eng-2,https://www.firmaprofesional.com/images/pdfs/FP_CP_Gen_Servidor_Web_SSL_6.2-EN.pdf,https://www.firmaprofesional.com/images/pdfs/CPS/FP_CPS_6.1_english.pdf,https://cert.webtrust.org/SealFile?seal=1846&file=pdf,NEED,https://cert.webtrust.org/SealFile?seal=1847&file=pdf,Auren,WebTrust,2015.03.11,https://bugzilla.mozilla.org/show_bug.cgi?id=1012744 -- both the old SHA-1 and the new SHA-256 root certs will have the same CA hierarhcy.
Certinomis,Certinomis,0002 433998903,Certinomis - Root CA,In Public Discussion,http://www.certinomis.fr/publi/cer/AC_Racine_G3.cer,9D:70:BB:01:A5:A4:A0:18:11:2E:F7:1C:01:B9:32:C5:34:E7:88:A8,2013 Oct 21,2033 Oct 21,4096,SHA-256,Websites,Not EV,https://bugzilla.mozilla.org/show_bug.cgi?id=937589,https://g3-test.certinomis.com/,None,http://www.certinomis.fr,France,http://www.certinomis.com/documents-et-liens/nos-politiques,http://www.certinomis.fr/publi/rgs/DT-FL-1310-060-PC-WEBSSL-1.4-EN.pdf,http://www.certinomis.com/documents-et-liens/nos-politiques,http://www.lsti-certification.fr/images/liste_entreprise/Liste%20PSCe.pdf,https://bugzilla.mozilla.org/attachment.cgi?id=8451590,,LSTI,ETSI TS 102 042,2014.06.30,http://www.certinomis.com/documents-et-liens/nos-certificats-racines
OpenTrust / KEYNECTIS,Certplus,,Certplus Root CA G1,Need Information from CA,https://bugzilla.mozilla.org/attachment.cgi?id=8446784,22:FD:D0:B7:FD:A2:4E:0D:AC:49:2C:A0:AC:A6:7B:6A:1F:E3:F7:66,2014 May 26,2038 Jan 15,4096,SHA-512,Code; Email; Websites,1.3.6.1.4.1.22234.2.5.2.3.1,https://bugzilla.mozilla.org/show_bug.cgi?id=1025095,"https://certplusrootcag1-test.opentrust.com Must use a new profile to test, see https://bugzilla.mozilla.org/show_bug.cgi?id=1025095#c18",None,http://www.opentrust.com/en/certification-policy,EMEA,https://www.opentrust.com/fr/ressources/PC-politique-certification,https://www.opentrust.com/ressources/publications/OpenTrust_DMS_RCA%20Program_OpenTrust_CP%20v%201.2s.pdf,https://www.opentrust.com/images/stories/OpenTrust_DMS_EV_SSL_CA_Certification_Practice_Statement_2014_12_18s.pdf,NEED audit that covers this root,NEED,NEED,LSTI,,,NEED per section 10 of https://www.mozilla.org/en-US/about/governance/policies/security-group/certs/policy/inclusion/
OpenTrust / KEYNECTIS,Certplus,,Certplus Root CA G2,Need Information from CA,https://bugzilla.mozilla.org/attachment.cgi?id=8446790,4F:65:8E:1F:E9:06:D8:28:02:E9:54:47:41:C9:54:25:5D:69:CC:1A,2014 May 26,2038 Jan 15,ECC P-384,ECC,Code; Email; Websites,1.3.6.1.4.1.22234.2.5.2.3.1,https://bugzilla.mozilla.org/show_bug.cgi?id=1025095,"https://certplusrootcag2-test.opentrust.com Must use a new profile to test, see https://bugzilla.mozilla.org/show_bug.cgi?id=1025095#c18",None,http://www.opentrust.com/en/certification-policy,EMEA,https://www.opentrust.com/fr/ressources/PC-politique-certification,https://www.opentrust.com/ressources/publications/OpenTrust_DMS_RCA%20Program_OpenTrust_CP%20v%201.2s.pdf,https://www.opentrust.com/images/stories/OpenTrust_DMS_EV_SSL_CA_Certification_Practice_Statement_2014_12_18s.pdf,NEED audit that covers this root,NEED,NEED,LSTI,,,NEED per section 10 of https://www.mozilla.org/en-US/about/governance/policies/security-group/certs/policy/inclusion/
PostSignum operated by Ceska posta s.p. (Czech Post),"Česká pošta, s.p. [IČ 47114983]",,PostSignum Root QCA 2,Need Information from CA,http://www.postsignum.cz/crt/psrootqca2.crt,A0:F8:DB:3F:0B:F4:17:69:3B:28:2E:B7:4A:6A:D8:6D:F9:D4:48:A3,2010 Jan 19,2025 Jan 19,2048,SHA-256,Email; Websites,Not EV,https://bugzilla.mozilla.org/show_bug.cgi?id=643398,,,http://www.postsignum.cz/,,,http://www.postsignum.cz/files/politiky/VCA_serverove_crt_v2-0.pdf,,,,,,,,
China Financial Certification Authority (CFCA),China Financial Certification Authority,,CFCA EV ROOT,"Included, Pending EV",https://bugzilla.mozilla.org/attachment.cgi?id=8356494,E2:B8:29:4B:55:84:AB:6B:58:C2:90:46:6C:AC:3F:B8:39:8F:84:83,2012 Aug 08,2029 Dec 31,4096,SHA-256,Websites,2.16.156.112554.3,https://bugzilla.mozilla.org/show_bug.cgi?id=926029,https://pub.cebnet.com.cn,None,http://www.cfca.com.cn/,People's Republic of China,http://www.cfca.com.cn/us/us-12.htm,http://www.cfca.com.cn/us/us-12.htm,https://bugzilla.mozilla.org/attachment.cgi?id=8545612,https://cert.webtrust.org/SealFile?seal=1788&file=pdf,https://cert.webtrust.org/SealFile?seal=1787&file=pdf,https://cert.webtrust.org/SealFile?seal=1786&file=pdf,PricewaterhouseCoopers,WebTrust,2014.12.05,https://www.cfca.com.cn/file/EVSSL.zip
ComSign,ComSign Ltd.,,ComSign Global Root CA,Need Information from CA,https://bugzilla.mozilla.org/attachment.cgi?id=549246,AE:3B:31:BF:8F:D8:91:07:9C:F1:DF:34:CB:CE:6E:70:D3:7F:B5:B0,2011 Jul 18,2036 Jul 16,4096,SHA-256,Code; Email; Websites,Not EV,https://bugzilla.mozilla.org/show_bug.cgi?id=675060,Not requesting websites trust bit.,,http://www.comsign.co.il/eng/default.asp,Israel,,http://www.comsign.co.il/main.asp?id=114,http://www.comsign.co.il/CPS-­‐Docs/CPS_Ver3-­‐1_English.pdf,https://bugzilla.mozilla.org/attachment.cgi?id=8505604,Not requesting websites trust bit.,,Sharony-Shefler,ETSI TS 101 456,2014.09.16,
Red Abogacía,Consejo General de la Abogacia NIF:Q-2863006I,,Autoridad de Certificacion de la Abogacia,Need Information from CA,https://bugzilla.mozilla.org/attachment.cgi?id=8562410,7F:8A:77:83:6B:DC:6D:06:8F:8B:07:37:FC:C5:72:54:13:06:8C:A4,2005 Jun 13,2030 Jun 13,2048,SHA-1,Email; Websites,Not EV,https://bugzilla.mozilla.org/show_bug.cgi?id=1130333,https://www.icahuelva.es/ NEED: Must serve up intermediate certs along with SSL cert. Error code: sec_error_unknown_issuer,"
",redabogacia.abogacia.es,Spain,https://documentacion.redabogacia.org/docushare/dsweb/View/Collection-1001,https://documentacion.redabogacia.org/docushare/dsweb/Get/Document-3349164/CP3_ACA_002.0_GB.pdf,https://documentacion.redabogacia.org/docushare/dsweb/Get/Document-3349086/CPS_ACA_012.0_EN.pdf,https://cert.webtrust.org/SealFile?seal=1330&file=pdf,https://cert.webtrust.org/SealFile?seal=1330&file=pdf,,Ernst & Young (EY),WebTrust,2014.11.20,NEED: Provide URL to publicly disclosed and audited subCAs as per item #5 of https://wiki.mozilla.org/CA:Communications#May_13.2C_2014
Entrust,"Entrust, Inc.","(c) 2012 Entrust, Inc. - for authorized use only",Entrust Root Certification Authority - EC1,"Included, Pending EV",https://bugzilla.mozilla.org/attachment.cgi?id=813664,20:D8:06:40:DF:9B:25:F5:12:25:3A:11:EA:F7:59:8A:EB:14:B5:47,2012 Dec 18,2037 Dec 18,ECC P-384,ECC,Code; Email; Websites,2.16.840.1.114028.10.1.2,https://bugzilla.mozilla.org/show_bug.cgi?id=849950,https://validec.entrust.net,None,http://www.entrust.net/,Global,http://www.entrust.net/CPS,http://www.entrust.net/CPS,http://www.entrust.net/CPS,https://entrust.webtrust.org/SealFile?seal=328&file=pdf,https://entrust.webtrust.org/SealFile?seal=328&file=pdf,https://entrust.webtrust.org/SealFile?seal=328&file=pdf,Deloitte LLP,WebTrust,2014.04.21,http://www.entrust.net/about/third-party-sub-ca.htm
Entrust,"Entrust, Inc.","(c) 2009 Entrust, Inc.-for authorized use only",Entrust Root Certification Authority - G2,"Included, Pending EV",https://bugzilla.mozilla.org/attachment.cgi?id=567059,8C:F4:27:FD:79:0C:3A:D1:66:06:8D:E8:1E:57:EF:BB:93:22:72:D4,2009 Jul 07,2030 Dec 07,2048,SHA-256,Code; Email; Websites,2.16.840.1.114028.10.1.2,https://bugzilla.mozilla.org/show_bug.cgi?id=849950,https://validg2.entrust.net/,None,http://www.entrust.net/,Global,http://www.entrust.net/CPS,http://www.entrust.net/CPS,http://www.entrust.net/CPS,https://entrust.webtrust.org/SealFile?seal=328&file=pdf,https://entrust.webtrust.org/SealFile?seal=328&file=pdf,https://entrust.webtrust.org/SealFile?seal=328&file=pdf,Deloitte LLP,WebTrust,2014.04.21,http://www.entrust.net/about/third-party-sub-ca.htm
Fábrica Nacional de Moneda y Timbre (FNMT),FNMT-RCM,AC RAIZ FNMT-RCM,AC RAIZ FNMT-RCM,Need Information from CA,http://www.cert.fnmt.es/certs/ACRAIZFNMTRCM.crt,B8:65:13:0B:ED:CA:38:D2:7F:69:92:94:20:77:0B:ED:86:EF:BC:10,2008 Oct 29,2029 Dec 31,4096,SHA-1,Code; Websites,Not EV,https://bugzilla.mozilla.org/show_bug.cgi?id=435736,https://www.sede.fnmt.gob.es/certificados,None,http://www.cert.fnmt.es/,Spain,https://www.sede.fnmt.gob.es/normativa/declaracion-de-practicas-de-certificacion,https://www.sede.fnmt.gob.es/documents/11614/67070/dpc_componentes_english.pdf/,https://www.sede.fnmt.gob.es/documents/11614/137578/dpc_english.pdf/,NEED - https://bugzilla.mozilla.org/show_bug.cgi?id=435736#c133,https://cert.webtrust.org/SealFile?seal=1784&file=pdf,,PricewaterhouseCoopers,,,All subCAs are disclosed in the dgpc_english.pdf document.
Symantec / GeoTrust,GeoTrust Inc.,(c) 2007 GeoTrust Inc. - For authorized use only,GeoTrust Primary Certification Authority - G2,Need Information from CA,Already Included,8D:17:84:D5:37:F3:03:7D:EC:70:FE:57:8B:51:9A:99:E6:10:D7:B0,2007 Nov 05,2038 Jan 18,ECC P-384,ECC,Code; Email; Websites,1.3.6.1.4.1.14370.1.6,https://bugzilla.mozilla.org/show_bug.cgi?id=834004,https://ssltest42.ssl.symclab.com/,None,http://www.geotrust.com/,,https://www.geotrust.com/resources/repository/legal/,,https://www.geotrust.com/resources/cps/pdfs/GeoTrustCPS-Version1.1.16.pdf,https://cert.webtrust.org/SealFile?seal=1567&file=pdf,http://www.symantec.com/content/en/us/about/media/repository/symantec-webtrust-audit-report.pdf,https://cert.webtrust.org/SealFile?seal=1567&file=pdf,KPMG,WebTrust,2014.06.18,https://bugzilla.mozilla.org/show_bug.cgi?id=1019860
"Government of Taiwan, Government Root Certification Authority (GRCA)",Government Root Certification Authority,,Taiwan Government Root Certification Authority,Need Information from CA,http://grca.nat.gov.tw/repository/Certs/GRCA2.cer,B0:91:AA:91:38:47:F3:13:D7:27:BC:EF:C8:17:9F:08:6F:3A:8C:0F,2012 Nov 28,2037 Dec 31,4096,SHA-256,Code; Email; Websites,Not EV,https://bugzilla.mozilla.org/show_bug.cgi?id=1065896,https://gcaweb.nat.gov.tw/GCAEE/GCAPriApply/GCAPriApply.html,constrain to *.tw,http://grca.nat.gov.tw/01-06.html,,,http://grca.nat.gov.tw/download/GPKI_CP_eng_v1.7.pdf,http://grca.nat.gov.tw/download/GRCA_CPS_eng_v1.4.pdf,https://cert.webtrust.org/SealFile?seal=1663&file=pdf,,,KPMG,WebTrust,2014.04.23,http://grca.nat.gov.tw/
"Guangdong Certificate Authority CO.,LTD (GDCA)","GUANG DONG CERTIFICATE AUTHORITY CO.,LTD.",,GDCA TrustAUTH R5 ROOT,Need Information from CA,http://www.gdca.com.cn/cert/GDCA_TrustAUTH_R5_ROOT.der,0F:36:38:5B:81:1A:25:C3:9B:31:4E:83:CA:E9:34:66:70:CC:74:B4,2014 Nov 26,2040 Dec 31,4096,SHA-256,Code; Websites,1.2.156.112559.1.1.6.1,https://bugzilla.mozilla.org/show_bug.cgi?id=1128392,NEED: URL to a website (may be a test website) whose EV SSL cert chains up to this root.,None,http://www.gdca.com.cn/,China,,http://www.gdca.com.cn/cp/cp,http://www.gdca.com.cn/cps/cps,NEED: See sections11 through 17 of https://www.mozilla.org/en-US/about/governance/policies/security-group/certs/policy/inclusion/,NEED: Please carefully review this wiki page with your auditor: https://wiki.mozilla.org/CA:BaselineRequirements,,PricewaterhouseCoopers Zhong Tian LLP,,,NEED: URL to publicly-disclosed and audited subordinate CAs. as per sections 8 through 10 of https://www.mozilla.org/en-US/about/governance/policies/security-group/certs/policy/inclusion/
ICP Brasil (Infra-Estrutura de Chaves Públicas Brasileira),ICP-Brasil,Instituto Nacional de Tecnologia da Informacao - ITI,Autoridade Certificadora Raiz Brasileira v1,Need Information from CA,http://acraiz.icpbrasil.gov.br/ICP-Brasil.crt,70:5D:2B:45:65:C7:04:7A:54:06:94:A7:9A:F7:AB:B8:42:BD:C1:61,2008 Jul 29,2021 Jul 29,2048,SHA-1,Websites,Not EV,https://bugzilla.mozilla.org/show_bug.cgi?id=438825,,,http://www.icpbrasil.gov.br/,,,,,,,,,,,
Inera AB (SITHS),Inera AB,,SITHS Root CA v1,Need Information from CA,http://aia.siths.se/sithsrootcav1.cer,58:5F:78:75:BE:E7:43:3E:B0:79:EA:AB:7D:05:BB:0F:7A:F2:BC:CC,2012 Mar 29,2032 Mar 29,4096,SHA-1,Email; Websites,Not EV,https://bugzilla.mozilla.org/show_bug.cgi?id=792337,https://v1.test.msoft.siths.se,,http://www.inera.se/Infrastrukturtjanster/SITHS/,,,http://www.inera.se/Documents/TJANSTER_PROJEKT/Identifieringstjanst_SITHS/Anslutningsdokument_Inera/SITHS-certifikat/siths_certicate_policy.pdf,http://www.inera.se/SITHSDokument,https://cert.webtrust.org/SealFile?seal=1383&file=pdf,,,Ernst & Young,WebTrust,2012.03.31,
"Government of Japan, Ministry of Internal Affairs and Communications",Japanese Government,GPKI,ApplicationCA2 Root,Need Information from CA,https://www.gpki.go.jp/apca2/APCA2Root.der,F0:0F:C3:7D:6A:1C:92:61:FB:6B:C1:C2:18:49:8C:5A:A4:DC:51:FB,2013 Mar 12,2033 Mar 12,2048,SHA-256,Code; Websites,Not EV,https://bugzilla.mozilla.org/show_bug.cgi?id=870185,https://www2.gpki.go.jp/apca2/apca2_eng.html,Constrain CA hierarchy to *.go.jp domain.,http://www.gpki.go.jp/,Japan,https://www2.gpki.go.jp/apca2/apca2_eng.html,https://www2.gpki.go.jp/apca2/cpcps/cpcps_root_eng.pdf,https://www2.gpki.go.jp/apca2/cpcps/cpcps_sub_eng.pdf,https://cert.webtrust.org/SealFile?seal=1793&file=pdf,NEED: Public-facing BR Readiness Audit statement. Please carefully review: https://wiki.mozilla.org/CA:BaselineRequirements,,KPMG AZSA LLC,WebTrust,2014.12.25,https://www2.gpki.go.jp/apca2/apca2_eng.html
Korea Information Security Agency (KISA),KISA,Korea Certification Authority Central,KISA RootCA 1,Need Information from CA,http://www.rootca.or.kr/certs/root-rsa-3280.der,02:72:68:29:3E:5F:5D:17:AA:A4:B3:C3:E6:36:1E:1F:92:57:5E:AA,2005 Aug 24,2025 Aug 24,2048,,Code; Email; Websites,Not EV,https://bugzilla.mozilla.org/show_bug.cgi?id=335197,https://www.kisa.or.kr/main.jsp,,http://www.rootca.or.kr/,,,http://www.rootca.or.kr/kor/accredited/accredited02.jsp,http://www.rootca.or.kr/kor/down/cps15(en).pdf,https://bugzilla.mozilla.org/attachment.cgi?id=479645,,,MOPAS,WebTrust Equivalent,2009.01.01,
Krajowa Izba Rozliczeniowa S.A. (KIR),Krajowa Izba Rozliczeniowa S.A.,,SZAFIR ROOT CA,"Approved, Pending Inclusion",http://www.elektronicznypodpis.pl/certyfikaty/root_ca.crt,D3:EE:FB:CB:BC:F4:98:67:83:86:26:E2:3B:B5:9C:A0:1E:30:5D:B7,2011 Dec 06,2031 Dec 06,2048,SHA-1,Code; Email; Websites,Not EV,https://bugzilla.mozilla.org/show_bug.cgi?id=817994,https://ssl.elektronicznypodpis.pl,None,http://www.kir.com.pl/,Poland,Polish: http://www.elektronicznypodpis.pl/informacje/podstawy-prawne/ English: http://eng.elektronicznypodpis.pl/en/information/documents-and-agreements,http://elektronicznypodpis.pl/files/doc/certification_policy.pdf,http://www.elektronicznypodpis.pl/files/doc/certification_practice_statement.pdf,https://cert.webtrust.org/SealFile?seal=1845&file=pdf,https://cert.webtrust.org/SealFile?seal=1845&file=pdf,,EY,WebTrust,2015.03.18,https://bugzilla.mozilla.org/show_bug.cgi?id=817994
LAWtrust,LAWtrust,LAW Trusted Third Party Services PTY Ltd.,LAWtrust Root Certification Authority 2048,Need Information from CA,https://www.lawtrust.co.za/documents/LAWTRUST-ROOT-CA-CERTIFICATE.cer,33:5A:7F:F0:09:27:CF:2D:F2:78:E2:C9:19:2F:7A:4D:55:34:F8:0C,2012 May 16,2032 May 16,2048,SHA-1,Email,Not EV,https://bugzilla.mozilla.org/show_bug.cgi?id=1023726,"Not requesting Websites trust bit, so do not need a test website. Please provide an example cert.",None.,https://www.lawtrust.co.za,,https://www.lawtrust.co.za/repository/,CP Not Published,https://www.lawtrust.co.za/documents/LAWTRUST-ROOT-CPS.pdf,https://cert.webtrust.org/SealFile?seal=1664&file=pdf,,,KPMG,WebTrust,2014.04.29,Item #4 of https://wiki.mozilla.org/CA:CertificatePolicyV2.1#Frequently_Asked_Questions
LuxTrust,LuxTrust s.a.,,LuxTrust Global Root,In Public Discussion,https://www.luxtrust.lu/downloads/root/LTGRCA_der.cer,C9:3C:34:EA:90:D9:13:0C:0F:03:00:4B:98:BD:8B:35:70:91:56:11,2011 Mar 17,2021 Mar 17,2048,SHA-256,Code; Websites,1.3.171.1.1.10.5.2,https://bugzilla.mozilla.org/show_bug.cgi?id=944783,https://www.trustme.lu/,None,https://www.luxtrust.lu,Luxembourg,https://repository.luxtrust.lu,https://www.luxtrust.lu/upload/data/repository/LuxTrust%20Global%20Root%20CA%20-%20Certificate%20Profiles%20v1.20.pdf,https://www.luxtrust.lu/upload/data/repository/LuxTrust_Global_Root%20CA_Certification_Practice_Statements_v1_08.pdf,http://www.lsti-certification.fr/images/fichiers/11085.pdf,http://www.lsti-certification.fr/images/fichiers/11085.pdf With note: https://bugzilla.mozilla.org/show_bug.cgi?id=944783#c31,http://www.lsti-certification.fr/images/fichiers/11085.pdf,LSTI,ETSI TS 102 042,2014.07.23,https://www.luxtrust.lu/downloads/root/LTSSLCA_der.cer
MULTICERT,MULTICERT - Serviços de Certificação Electrónica S.A.,,MULTICERT Root Certification Authority 01,Need Information from CA,http://pkiroot.multicert.com/cert/,46:AF:7A:31:B5:99:46:0D:46:9D:60:41:14:5B:13:65:1D:F9:17:0A,2014 Apr 04,2039 Apr 04,4096,SHA-256,Code; Email; Websites,Not EV,https://bugzilla.mozilla.org/show_bug.cgi?id=1040072,https://promotor.teste.multicert.com/,,https://www.multicert.com/pt/,,,https://pki.multicert.com/pol/cp/webserver.html,https://pki.multicert.com/pol/cps/MULTICERT_CA.html,http://www.gns.gov.pt/media/1891/TSLPTHR.pdf,,,GNS,ETSI TS 102 042,2014.06.20,
Netrust,Netrust Certificate Authority 1,Netrust CA1,Netrust CA1,Need Information from CA,https://bugzilla.mozilla.org/attachment.cgi?id=512868,55:C8:6F:74:14:AC:8B:DD:68:14:F4:D8:6A:F1:5F:37:10:E1:04:D0,2001 Mar 29,2012 Mar 29,2048,SHA-1,Code; Email; Websites,Not EV,https://bugzilla.mozilla.org/show_bug.cgi?id=632292,,,http://www.netrust.net/,,,https://www.netrust.net/ourpractices.php,https://www.netrust.net/docs/ourpractices/cps.pdf,https://bugzilla.mozilla.org/attachment.cgi?id=532149,,,,,,
"Open Access Technology International, Inc. (OATI)",Open Access Technology International Inc,,OATI WebCARES Root CA,Need Information from CA,http://www.oaticerts.com/repository/OATICA2.crt,4B:6B:D2:D3:88:4E:46:C8:0C:E2:B9:62:BC:59:8C:D9:D5:D8:40:13,2008 Jun 03,2038 Jun 03,4096,SHA-1,Code; Email; Websites,Not EV,https://bugzilla.mozilla.org/show_bug.cgi?id=848766,https://www.oaticerts.com/,,http://www.oati.com/,,,http://www.oaticerts.com/repository/,http://www.oaticerts.com/repository/OATI-webCARES-CPS.pdf,https://cert.webtrust.org/SealFile?seal=1447&file=pdf,,,Schellman & Company,WebTrust,2013.01.09,
OpenTrust / KEYNECTIS,OpenTrust,,OpenTrust Root CA G1,Need Information from CA,https://bugzilla.mozilla.org/attachment.cgi?id=8446791,79:91:E8:34:F7:E2:EE:DD:08:95:01:52:E9:55:2D:14:E9:58:D5:7E,2014 May 26,2038 Jan 15,4096,SHA-256,Code; Email; Websites,1.3.6.1.4.1.22234.2.5.2.3.1,https://bugzilla.mozilla.org/show_bug.cgi?id=1025095,https://opentrustrootcag1-test.opentrust.com,None,http://www.opentrust.com/en/certification-policy,EMEA,https://www.opentrust.com/fr/ressources/PC-politique-certification,https://www.opentrust.com/ressources/publications/OpenTrust_DMS_RCA%20Program_OpenTrust_CP%20v%201.2s.pdf,https://www.opentrust.com/images/stories/OpenTrust_DMS_EV_SSL_CA_Certification_Practice_Statement_2014_12_18s.pdf,NEED audit that covers this root,NEED,NEED,LSTI,,,NEED per section 10 of https://www.mozilla.org/en-US/about/governance/policies/security-group/certs/policy/inclusion/
OpenTrust / KEYNECTIS,OpenTrust,,OpenTrust Root CA G2,Need Information from CA,https://bugzilla.mozilla.org/attachment.cgi?id=8446792,79:5F:88:60:C5:AB:7C:3D:92:E6:CB:F4:8D:E1:45:CD:11:EF:60:0B,2014 May 26,2038 Jan 15,4096,SHA-512,Code; Email; Websites,1.3.6.1.4.1.22234.2.5.2.3.1,https://bugzilla.mozilla.org/show_bug.cgi?id=1025095,"https://opentrustrootcag2-test.opentrust.com Must use a new profile to test, see https://bugzilla.mozilla.org/show_bug.cgi?id=1025095#c18",None,http://www.opentrust.com/en/certification-policy,EMEA,https://www.opentrust.com/fr/ressources/PC-politique-certification,https://www.opentrust.com/ressources/publications/OpenTrust_DMS_RCA%20Program_OpenTrust_CP%20v%201.2s.pdf,https://www.opentrust.com/images/stories/OpenTrust_DMS_EV_SSL_CA_Certification_Practice_Statement_2014_12_18s.pdf,NEED audit that covers this root,NEED,NEED,LSTI,,,NEED per section 10 of https://www.mozilla.org/en-US/about/governance/policies/security-group/certs/policy/inclusion/
OpenTrust / KEYNECTIS,OpenTrust,,OpenTrust Root CA G3,Need Information from CA,https://bugzilla.mozilla.org/attachment.cgi?id=8446793,6E:26:64:F3:56:BF:34:55:BF:D1:93:3F:7C:01:DE:D8:13:DA:8A:A6,2014 May 26,2038 Jan 15,ECC P-384,ECC,Code; Email; Websites,1.3.6.1.4.1.22234.2.5.2.3.1,https://bugzilla.mozilla.org/show_bug.cgi?id=1025095,"https://opentrustrootcag3-test.opentrust.com Must use a new profile to test, see https://bugzilla.mozilla.org/show_bug.cgi?id=1025095#c18",None,http://www.opentrust.com/en/certification-policy,EMEA,https://www.opentrust.com/fr/ressources/PC-politique-certification,https://www.opentrust.com/ressources/publications/OpenTrust_DMS_RCA%20Program_OpenTrust_CP%20v%201.2s.pdf,https://www.opentrust.com/images/stories/OpenTrust_DMS_EV_SSL_CA_Certification_Practice_Statement_2014_12_18s.pdf,NEED audit that covers this root,NEED,NEED,LSTI,,,NEED per section 10 of https://www.mozilla.org/en-US/about/governance/policies/security-group/certs/policy/inclusion/
French Institute of Certified Public Accountants (CSOEC),Ordre des Experts-Comptables,0002 775670003,Ordre des Experts-Comptables,On Hold,https://www.signexpert.fr/cms/index.php/content/download/770/3228/version/1/file/AC-R.cer,82:71:9A:76:9D:88:18:2C:70:B9:C0:C9:24:73:6B:D7:A7:11:CF:C7,2011 May 09,2031 May 09,4096,SHA-256,Email,Not EV,https://bugzilla.mozilla.org/show_bug.cgi?id=844163,Not requesting websites trust bit.,,https://www.signexpert.fr,,,https://www.signexpert.fr/cms/index.php/Cadre-legal/La-politique-de-certification,https://www.signexpert.fr/cms/index.php/Cadre-legal/La-politique-de-certification,https://bugzilla.mozilla.org/attachment.cgi?id=792857,Not requesting websites trust bit.,,LSTI,ETSI TS 101 456,2012.11.26,
SECOM Trust Systems Co. Ltd.,"SECOM Trust Systems CO.,LTD.",Security Communication RootCA2,Security Communication RootCA2,Need Information from CA,https://repository.secomtrust.net/SC-Root2/SCRoot2ca.cer,5F:3B:8C:F2:F8:10:B3:7D:78:B4:CE:EC:19:19:C3:73:34:B9:C7:74,2009 May 29,2029 May 29,2048,SHA-256,Code; Email; Websites,1.2.392.200091.100.721.1,https://bugzilla.mozilla.org/show_bug.cgi?id=1096205,https://pfwtest.secomtrust.net/,None,http://www.secomtrust.net/,Japan,https://repository.secomtrust.net/SC-Root2/index.html,https://bugzilla.mozilla.org/attachment.cgi?id=8519807,https://repository.secomtrust.net/SC-Root/SCRootCPS.pdf,https://cert.webtrust.org/SealFile?seal=1717&file=pdf,https://bugzilla.mozilla.org/attachment.cgi?id=8519802,https://cert.webtrust.org/SealFile?seal=1717&file=pdf,PricewaterhouseCoopers Aarata,WebTrust,2014.07.31,https://www.secomtrust.net/service/pfw/apply/sr/3_2.html https://www.secomtrust.net/service/pfw/apply/ev/3_2.html
Latvian State Radio and Television Centre (LVRTC),Sertifikacijas pakalpojumu dala,,E-ME SSI (RCA),CA Action Items from Discussion,http://www.eme.lv/aia/E-ME%20SSI%20(RCA).crt,C9:32:1D:E6:B5:A8:26:66:CF:69:71:A1:8A:56:F2:D3:A8:67:56:02,2009 May 19,2027 May 19,4096,SHA-1,Code; Websites,Not EV,https://bugzilla.mozilla.org/show_bug.cgi?id=518098,https://www.eme.lv/csp-web/certsearch.aspx?lang=LAT,,http://www.e-me.lv/,,,http://info.e-me.lv/wp-content/uploads/2010/01/E-ME_CP_SP_v2-3_LAT_ENG.pdf,http://info.e-me.lv/wp-content/uploads/2011/08/E-ME-SN-v1_9-LatEng.pdf,https://bugzilla.mozilla.org/attachment.cgi?id=628079,,,KPMG,ETSI TS 101 456,2011.05.02,
Superintendencia de Servicios de Certificación Electrónica (SUSCERTE),Sistema Nacional de Certificacion Electronica,Superintendencia de Servicios de Certificacion Electronica,Autoridad de Certificacion Raiz del Estado Venezolano,On Hold,https://bugzilla.mozilla.org/attachment.cgi?id=375214,DD:83:C5:19:D4:34:81:FA:D4:C2:2C:03:D7:02:FE:9F:3B:22:F5:17,2007 Feb 16,2027 Feb 11,4096,SHA-1,Code; Email; Websites,Not EV,https://bugzilla.mozilla.org/show_bug.cgi?id=489240,,,http://www.suscerte.gob.ve/,,,,,,,,,,,
PSC-FII,Sistema Nacional de Certificacion Electronica,Superintendencia de Servicios de Certificacion Electronica,PSC Publico del MCT para el Estado Venezolano,Need Information from CA,https://bugzilla.mozilla.org/attachment.cgi?id=542275,B2:60:C7:09:D5:B7:D0:BD:97:42:DE:DA:AF:EF:87:6B:33:6C:A7:39,2008 Jul 11,2018 Jul 09,4096,SHA-1,Code; Email; Websites,Not EV,https://bugzilla.mozilla.org/show_bug.cgi?id=667466,https://ar.fii.gob.ve/,,https://ar.fii.gob.ve/,,,https://ar.fii.gob.ve/pub/docs/,https://ar.fii.gob.ve/pub/docs/DPC1.pdf,http://www.suscerte.gob.ve/index.php/es/certificacion/proveedores-acreditados,,,SUSCERTE Registered Auditor,ETSI TS 101 456,,
"SSC, Skaitmeninio Sertifkavimo Centras",Skaitmeninio sertifikavimo centras,CA ROOT Services,SSC GDL CA Root A,Need Information from CA,https://gdl.repository.ssc.lt/certs/roota.crt,0C:20:09:A4:A8:8D:8B:42:02:18:52:50:54:0C:C4:2B:DF:B5:B0:89,2013 Jun 04,2033 Jun 04,4096,SHA-256,Code; Email,Not EV,http://bugzilla.mozilla.org/show_bug.cgi?id=379152,Example Cert: https://gdl.repository.ssc.lt/certs/test-v-class2-4qca.cer,None,http://www.ssc.lt/,Lithuania and the EU market,https://gdl.repository.ssc.lt/en/repository/documents/,https://gdl.repository.ssc.lt/en/repository/documents/certificate-policy-ssc-gdl-ca-v4.4.pdf,https://gdl.repository.ssc.lt/en/repository/documents/certificate-practice-statement-ssc-gdl-ca-v4.7.pdf,https://gdl.repository.ssc.lt/en/audit/2015/,,,TÜV Informationstechnik GmbH,ETSI TS 101 456,2014.07.04,https://gdl.repository.ssc.lt/en/repository/authority-certificates-and-crls/
"SSC, Skaitmeninio Sertifkavimo Centras",Skaitmeninio sertifikavimo centras,CA ROOT Services,SSC GDL CA Root B,Need Information from CA,https://gdl.repository.ssc.lt/certs/rootb.crt,C8:60:A3:18:FC:F5:B7:13:0B:10:07:AD:7F:61:4A:40:FF:FF:18:5F,2013 Jun 04,2033 Jun 04,4096,SHA-256,Code; Email; Websites,0.4.0.2042.1.4 (ETSI EVCP) 0.4.0.2042.1.5 (ETSI EVCP+) 2.23.140.1.1 (CAB Forum) QUESTION: Do you need all of these in https://mxr.mozilla.org/mozilla-central/source/security/certverifier/ExtendedValidation.cpp ? Or just the first one?,http://bugzilla.mozilla.org/show_bug.cgi?id=379152,https://evssl.gdl.ssc.lt/,None,http://www.ssc.lt/,Lithuania and the EU market,https://gdl.repository.ssc.lt/en/repository/documents/,https://gdl.repository.ssc.lt/en/repository/documents/certificate-policy-ssc-gdl-ca-v4.4.pdf,https://gdl.repository.ssc.lt/en/repository/documents/certificate-practice-statement-ssc-gdl-ca-v4.7.pdf,https://gdl.repository.ssc.lt/en/audit/2015/,https://www.tuvit.de/data/content_data/tuevit_en/6729UE_s.pdf,https://www.tuvit.de/data/content_data/tuevit_en/6729UE_s.pdf,TÜV Informationstechnik GmbH,ETSI TS 102 042,2014.07.04,https://gdl.repository.ssc.lt/en/repository/authority-certificates-and-crls/
"SSC, Skaitmeninio Sertifkavimo Centras",Skaitmeninio sertifikavimo centras,VS ROOT Services,SSC GDL CA VS Root,Need Information from CA,https://gdl.repository.ssc.lt/certs/rootvs.crt,D2:69:5E:12:F5:92:E9:C8:EE:2A:4C:B8:D5:5E:29:5F:EE:6B:2D:31,2013 Jun 04,2033 Jun 04,4096,SHA-256,Email,Not EV,http://bugzilla.mozilla.org/show_bug.cgi?id=379152,Example Cert: https://gdl.repository.ssc.lt/certs/test-v-vsclass2-4qca.cer,None,http://www.ssc.lt/,Lithuania and the EU market,https://gdl.repository.ssc.lt/en/repository/documents/,https://gdl.repository.ssc.lt/en/repository/documents/certificate-policy-ssc-gdl-ca-v4.4.pdf,https://gdl.repository.ssc.lt/en/repository/documents/certificate-practice-statement-ssc-gdl-ca-v4.7.pdf,https://gdl.repository.ssc.lt/en/audit/2015/,,,TÜV Informationstechnik GmbH,ETSI TS 101 456,2014.07.04,https://gdl.repository.ssc.lt/en/repository/authority-certificates-and-crls/
South African Post Office Limited (SAPO),South African Post Office Limited,SAPO Trust Centre,SAPO Class 2 Root CA,Need Information from CA,https://bugzilla.mozilla.org/attachment.cgi?id=8505789,E4:55:01:60:8A:A1:EF:89:E2:7B:8C:D3:C3:B3:4C:03:B0:38:E6:D7,2010 Sep 15,2030 Sep 14,2048,SHA-1,Email,Not EV,https://bugzilla.mozilla.org/show_bug.cgi?id=1067887,Doesn't issue SSL certs,,http://www.postoffice.co.za/,,,https://www.trustcentre.co.za/links.php,https://www.trustcentre.co.za/docs/cps.pdf,https://cert.webtrust.org/SealFile?seal=1739&file=pdf,Doesn't issue SSL certs,,KPMG,WebTrust,2014.08.28,
South African Post Office Limited (SAPO),South African Post Office Limited,SAPO Trust Centre,SAPO Class 3 Root CA,Need Information from CA,https://bugzilla.mozilla.org/attachment.cgi?id=8505790,38:DD:76:59:C7:35:10:0B:00:A2:37:E4:91:B7:BC:0F:FC:D2:31:6C,2010 Sep 15,2030 Sep 14,4096,SHA-1,Email; Websites,Not EV,https://bugzilla.mozilla.org/show_bug.cgi?id=1067887,https://www.trustcentre.co.za/,,http://www.postoffice.co.za/,,,https://www.trustcentre.co.za/links.php,https://www.trustcentre.co.za/docs/cps.pdf,https://cert.webtrust.org/SealFile?seal=1739&file=pdf,,,KPMG,WebTrust,2014.08.28,
South African Post Office Limited (SAPO),South African Post Office Limited,SAPO Trust Centre,SAPO Class 4 Root CA,Need Information from CA,https://bugzilla.mozilla.org/attachment.cgi?id=8505792,20:A8:F5:FF:C4:3A:F4:A9:BC:89:88:1E:BF:99:20:FF:91:E9:FD:0A,2010 Sep 15,2030 Sep 14,4096,SHA-1,Email,Not EV,https://bugzilla.mozilla.org/show_bug.cgi?id=1067887,Doesn't issue SSL certs,,http://www.postoffice.co.za/,,,https://www.trustcentre.co.za/links.php,https://www.trustcentre.co.za/docs/cps.pdf,https://cert.webtrust.org/SealFile?seal=1739&file=pdf,Doesn't issue SSL certs,,KPMG,WebTrust,2014.08.28,
"Government of The Netherlands, PKIoverheid",Staat der Nederlanden,,Staat der Nederlanden EV Root CA,"Included, Pending EV",http://cert.pkioverheid.nl/EVRootCA.cer,76:E2:7E:C1:4F:DB:82:C1:C0:A6:75:B5:05:BE:3D:29:B4:ED:DB:BB,2010 Dec 08,2022 Dec 08,4096,SHA-256,Websites,2.16.528.1.1003.1.2.7,https://bugzilla.mozilla.org/show_bug.cgi?id=1016568,https://pkioevssl-v.quovadisglobal.com,None,https://www.logius.nl/languages/english/pkioverheid/,Netherlands,https://www.logius.nl/languages/english/pkioverheid/,https://www.logius.nl/languages/english/pkioverheid/,https://www.logius.nl/languages/english/pkioverheid/,https://cert.webtrust.org/SealFile?seal=1844&file=pdf,https://cert.webtrust.org/SealFile?seal=1844&file=pdf,https://cert.webtrust.org/SealFile?seal=1844&file=pdf,KPMG,WebTrust,2015.03.03,https://bugzilla.mozilla.org/show_bug.cgi?id=551399
SwissSign AG,SwissSign AG,,SwissSign Gold Root CA - G3,Need Information from CA,https://swisssign.net/cgi-bin/authority/download,0B:71:99:A1:C7:F3:AD:DF:7B:A7:EA:B8:EB:57:4A:E8:0D:60:DD:DE,2009 Aug 04,2037 Aug 04,4096,SHA-256,Code; Email; Websites,NEED,https://bugzilla.mozilla.org/show_bug.cgi?id=1142323,NEED: URL to website whose EV SSL cert chains up to this root,None,http://www.swisssign.com/,Switzerland,http://swisssign.com/repository,http://repository.swisssign.com/SwissSign-Gold-CP-CPS.pdf,http://repository.swisssign.com/SwissSign-Gold-CP-CPS.pdf,https://bug343756.bugzilla.mozilla.org/attachment.cgi?id=8595417,https://bug343756.bugzilla.mozilla.org/attachment.cgi?id=8595417,https://bug343756.bugzilla.mozilla.org/attachment.cgi?id=8595417,KPMG,ETSI TS 102 042,2015.04.02,https://swisssign.net/cgi-bin/authority/download
SwissSign AG,SwissSign AG,,SwissSign Platinum Root CA - G3,Need Information from CA,https://swisssign.net/cgi-bin/authority/download,A1:E7:C6:00:AA:41:70:E5:B7:4B:C9:4F:9B:97:03:ED:C2:61:B4:B9,2009 Aug 04,2037 Aug 04,4096,SHA-256,Code; Email,Not EV,https://bugzilla.mozilla.org/show_bug.cgi?id=1142323,NEED: Please attach to the bug an example/test cert chaining up to this root.,None,http://www.swisssign.com/,Switzerland,http://swisssign.com/repository,http://repository.swisssign.com/SwissSign-Platinum-CP-CPS.pdf,http://repository.swisssign.com/SwissSign-Platinum-CP-CPS.pdf,https://bug343756.bugzilla.mozilla.org/attachment.cgi?id=8595417,,,KPMG,ETSI TS 102 042,2015.04.02,https://swisssign.net/cgi-bin/authority/download
SwissSign AG,SwissSign AG,,SwissSign Silver Root CA - G3,Need Information from CA,https://swisssign.net/cgi-bin/authority/download,8D:08:FC:43:C0:77:0C:A8:4F:4D:CC:B2:D4:1A:5D:95:6D:78:6D:C4,2009 Aug 04,2037 Aug 04,4096,SHA-256,Code; Email; Websites,Not EV,https://bugzilla.mozilla.org/show_bug.cgi?id=1142323,NEED: URL to website whose SSL cert chains up to this root,None,http://www.swisssign.com/,Switzerland,http://swisssign.com/repository,http://repository.swisssign.com/SwissSign-Silver-CP-CPS.pdf,http://repository.swisssign.com/SwissSign-Silver-CP-CPS.pdf,https://bug343756.bugzilla.mozilla.org/attachment.cgi?id=8595417,https://bug343756.bugzilla.mozilla.org/attachment.cgi?id=8595417,,KPMG,ETSI TS 102 042,2015.04.02,https://swisssign.net/cgi-bin/authority/download
Symantec,Symantec Corporation,Symantec Trust Network,Symantec Class 1 Public Primary Certification Authority - G6,Ready for Public Discussion,https://www.symantec.com/content/en/us/enterprise/verisign/roots/PCA_1_G6.pem,51:7F:61:1E:29:91:6B:53:82:FB:72:E7:44:D9:8D:C3:CC:53:6D:64,2011 Oct 18,2037 Dec 01,2048,SHA-256,Email,,https://bugzilla.mozilla.org/show_bug.cgi?id=833986,example cert: https://bugzilla.mozilla.org/attachment.cgi?id=717223,None,http://www.symantec.com/,Global,https://www.symantec.com/about/profile/policies/repository.jsp,https://www.symantec.com/content/en/us/about/media/repository/stn-cp.pdf,https://www.symantec.com/content/en/us/about/media/repository/stn-cps.pdf,https://cert.webtrust.org/SealFile?seal=1565&file=pdf,,,KPMG,WebTrust,2014.06.18,Only the email trust bit will be set for this root. See item #4 of https://wiki.mozilla.org/CA:CertificatePolicyV2.1#Frequently_Asked_Questions
Symantec,Symantec Corporation,Symantec Trust Network,Symantec Class 2 Public Primary Certification Authority - G6,Ready for Public Discussion,https://www.symantec.com/content/en/us/enterprise/verisign/roots/PCA_2_G6.pem,40:B3:31:A0:E9:BF:E8:55:BC:39:93:CA:70:4F:4E:C2:51:D4:1D:8F,2011 Oct 18,2037 Dec 01,2048,SHA-256,Email,,https://bugzilla.mozilla.org/show_bug.cgi?id=833986,example cert: https://bugzilla.mozilla.org/attachment.cgi?id=717223,None,http://www.symantec.com/,Global,https://www.symantec.com/about/profile/policies/repository.jsp,https://www.symantec.com/content/en/us/about/media/repository/stn-cp.pdf,https://www.symantec.com/content/en/us/about/media/repository/stn-cps.pdf,https://cert.webtrust.org/SealFile?seal=1565&file=pdf,,,KPMG,WebTrust,2014.06.18,Only the email trust bit will be set for this root. See item #4 of https://wiki.mozilla.org/CA:CertificatePolicyV2.1#Frequently_Asked_Questions
Orange / Signet,Telekomunikacja Polska S.A.,Signet Certification Authority,Signet Root CA,Need Information from CA,http://www.signet.pl/repository/signetrootca/rootca_der.crt,B2:BD:90:31:AA:6D:0E:14:F4:C5:7F:D5:48:25:8F:37:B1:FB:39:E4,2013 May 06,2038 May 06,4096,SHA-256,Websites,Not EV,https://bugzilla.mozilla.org/show_bug.cgi?id=1024418,https://ssl-test.signet.pl,,http://www.signet.pl/,,,http://www.signet.pl/docs/pc_csiu_1_7.pdf,http://www.signet.pl/docs/kpc.pdf,https://cert.webtrust.org/SealFile?seal=1665&file=pdf,,,Ernst & Young,WebTrust,2014.01.16,http://www.signet.pl/repository/index.html
Symantec / Thawte,"thawte, Inc.""","(c) 2007 thawte, Inc. - For authorized use only""",thawte Primary Root CA - G2,Need Information from CA,Already Included,AA:DB:BC:22:23:8F:C4:01:A1:27:BB:38:DD:F4:1D:DB:08:9E:F0:12,2007 Nov 05,2038 Jan 18,ECC,ECC,Code; Websites,2.16.840.1.113733.1.7.48.1,https://bugzilla.mozilla.org/show_bug.cgi?id=833998,https://ssltest40.ssl.symclab.com/,,http://www.thawte.com/,,,http://www.thawte.com/repository,http://www.thawte.com/cps/index.html,https://cert.webtrust.org/SealFile?seal=1566&file=pdf,http://www.symantec.com/content/en/us/about/media/repository/symantec-webtrust-audit-report.pdf,https://cert.webtrust.org/SealFile?seal=1566&file=pdf,KPMG,WebTrust,2014.06.18,https://bugzilla.mozilla.org/show_bug.cgi?id=1019863
"Swiss BIT, Swiss Federal Office of Information Technology, Systems and Telecommunication (FOITT)",The Federal Authorities of the Swiss Confederation,Certification Authorities,Swiss Government Root CA II,CA Action Items from Discussion,https://bugzilla.mozilla.org/attachment.cgi?id=549069,C7:F7:CB:E2:02:36:66:F9:86:02:5D:4A:3E:31:3F:29:EB:0C:5B:38,2011 Feb 16,2035 Feb 16,4096,SHA-256,Code; Email; Websites,Not EV,https://bugzilla.mozilla.org/show_bug.cgi?id=435026,https://www.regular.pki.admin.ch,,http://www.bit.admin.ch/index.html?lang=en,,,http://www.bit.admin.ch/adminpki/00243/index.html?lang=de,http://www.bit.admin.ch/adminpki/00243/index.html?lang=de,,,,,,,
Telekom Applied Business Malaysia (TMCA),TM,TM Applied Business Certification Authority,TM Applied Business Root Certificate,Need Information from CA,https://www.tmca.com.my/portal/info/repositoryPage.html,99:57:C5:3F:C5:9F:B8:E7:39:F7:A4:B7:A7:0E:9B:8E:65:9F:20:8C,2011 Oct 10,2031 Oct 10,2048,SHA-256,Code; Email; Websites,Not EV,https://bugzilla.mozilla.org/show_bug.cgi?id=1090014,https://www.tmca.com.my,None,https://www.tmca.com.my,Malaysia,https://www.tmca.com.my/portal/info/legalRepository.html,https://www.tmca.com.my/portal/documents/repositories/TMCA%20CP%20version%201.0.pdf,https://www.tmca.com.my/portal/documents/repositories/TMCA%20CPS%20version%201.13.pdf,https://cert.webtrust.org/SealFile?seal=1670&file=pdf,NEED URL to BR audit statement: Need an audit statement specific to the Baseline Requirements. Please carefully review: https://wiki.mozilla.org/CA:BaselineRequirements (also have your auditor carefully review this wiki page),,PricewaterhouseCoopers,WebTrust,2014.04.30,https://www.tmca.com.my/portal/info/repositoryPage.html
TurkTrust,TÜRKTRUST Bilgi İletişim ve Bilişim Güvenliği Hizmetleri A.Ş.,,TÜRKTRUST Elektronik Sertifika Hizmet Sağlayıcısı H5,"Approved, Pending Inclusion and EV",http://www.turktrust.com.tr/sertifikalar/TURKTRUST_Elektronik_Sertifika_Hizmet_Saglayicisi_h5.crt,C4:18:F6:4D:46:D1:DF:00:3D:27:30:13:72:43:A9:12:11:C6:75:FB,2013 Apr 30,2023 Apr 28,2048,SHA-256,Code; Websites,Not EV,https://bugzilla.mozilla.org/show_bug.cgi?id=1007683,https://testsuite12001.turktrust.com.tr,None,http://www.turktrust.com.tr/en,Turkey,http://www.turktrust.com.tr/en/repository,http://dl.turktrust.com.tr/pdf/TURKTRUST-CP-v09-SSL.pdf,http://dl.turktrust.com.tr/pdf/TURKTRUST-CPS-v09-SSL.pdf,https://www.tuvit.de/en/certification-overview-1265-trusted-site-etsi-certificates-1334.htm,https://www.tuvit.de/en/certification-overview-1265-trusted-site-etsi-certificates-1334.htm,https://www.tuvit.de/en/certification-overview-1265-trusted-site-etsi-certificates-1334.htm,TUVIT,ETSI TS 102 042,2014.12.19,http://www.turktrust.com.tr/en/repository/root-certificate-installation-and-CRLs/
TurkTrust,TÜRKTRUST Bilgi İletişim ve Bilişim Güvenliği Hizmetleri A.Ş.,,TÜRKTRUST Elektronik Sertifika Hizmet Sağlayıcısı H6,"Approved, Pending Inclusion and EV",http://www.turktrust.com.tr/sertifikalar/TURKTRUST_Elektronik_Sertifika_Hizmet_Saglayicisi_h6.crt,8A:5C:8C:EE:A5:03:E6:05:56:BA:D8:1B:D4:F6:C9:B0:ED:E5:2F:E0,2013 Dec 18,2023 Dec 18,2048,SHA-256,Websites,2.16.792.3.0.3.1.1.5,https://bugzilla.mozilla.org/show_bug.cgi?id=1007683,https://testsuite12002.turktrust.com.tr,None,http://www.turktrust.com.tr/en,Turkey,http://www.turktrust.com.tr/en/repository,http://dl.turktrust.com.tr/pdf/TURKTRUST-CP-v09-SSL.pdf,http://dl.turktrust.com.tr/pdf/TURKTRUST-CPS-v09-SSL.pdf,https://www.tuvit.de/en/certification-overview-1265-trusted-site-etsi-certificates-1334.htm,https://www.tuvit.de/en/certification-overview-1265-trusted-site-etsi-certificates-1334.htm,https://www.tuvit.de/en/certification-overview-1265-trusted-site-etsi-certificates-1334.htm,TUVIT,ETSI TS 102 042,2014.12.19,http://www.turktrust.com.tr/en/repository/root-certificate-installation-and-CRLs/
U.S. Federal Public Key Infrastructure (US FPKI),U.S. Government,FPKI,Federal Common Policy CA,Need Information from CA,http://http.fpki.gov/fcpca/fcpca.crt,90:5F:94:2F:D9:F2:8F:67:9B:37:81:80:FD:4F:84:63:47:F6:45:C1,2010 Dec 01,2030 Dec 01,2048,SHA-256,Code; Email; Websites,Not EV,https://bugzilla.mozilla.org/show_bug.cgi?id=478418,NEED: URL to website whose SSL cert chain up to this root.,"Mozilla plans to constrain this CA hierarchy, because of the size and complexity of the hierarchy (i.e. FBCA). NEED: Please confirm the list of domains to constrain this hierarchy to. Comment #36 and #46: *gov.us, *.gov, *.mil (CP section 3.1.1)",http://www.idmanagement.gov/federal-public-key-infrastructure,U.S.A.,http://www.idmanagement.gov/federal-public-key-infrastructure-policy-authority,http://www.idmanagement.gov/sites/default/files/documents/FCPCA%20CP%20v1%2023_0.pdf,Each SSP has their own CPS.,NEED: URL to list of SSPs and their Current audit statement(s) NEED: Audit statement regarding the root.,"NEED: URL to the SSPs that can issue SSL certs, and their BR audit statement(s) Please see https://wiki.mozilla.org/CA:BaselineRequirements",,,,,"NEED: URL to publicly disclosed subCAs, included their CP/CPS documents and their annual audit statements."
"Shanghai Electronic Certification Authority Co., Ltd. (SHECA)",UniTrust,,UCA Global Root,Need Information from CA,https://bugzilla.mozilla.org/attachment.cgi?id=8471142,0B:97:2C:9E:A6:E7:CC:58:D9:3B:20:BF:71:EC:41:2E:72:09:FA:BF,2008 Jan 01,2037 Dec 31,4096,SHA-1,Code; Websites,Not EV,https://bugzilla.mozilla.org/show_bug.cgi?id=566310,https://ziguan.xcsc.com/,"NEED: Please consider the types of SSL certificates that need to be issued within this CA hierarchy, and if applicable provide a list of names to constrain the CA hierarchy to. For example: *.gov, *.mil, *.gov.us",http://www.sheca.com/,China,http://www.sheca.com/policy/,http://www.sheca.com/service/driver/SHECACPENV1.1.2.1.pdf,http://www.sheca.com/service/driver/SHECACPSENV3.4.2.1.pdf,https://cert.webtrust.org/SealFile?seal=1683&file=pdf,https://bug566310.bugzilla.mozilla.org/attachment.cgi?id=8440548,,PricewaterhouseCoopers,WebTrust,2014.06.06,https://ef-gb.wwwtrust.org/ NEED: I am not able to browse to this site.
"Shanghai Electronic Certification Authority Co., Ltd. (SHECA)",UniTrust,,UCA Root,Need Information from CA,https://bugzilla.mozilla.org/attachment.cgi?id=8471140,82:50:BE:D5:A2:14:43:3A:66:37:7C:BC:10:EF:83:F6:69:DA:3A:67,2004 Jan 01,2029 Dec 31,2048,SHA-1,Code; Email; Websites,Not EV,https://bugzilla.mozilla.org/show_bug.cgi?id=566310,https://mobile.haier.net/-custom/index_p.html,"NEED: Please consider the types of SSL certificates that need to be issued within this CA hierarchy, and if applicable provide a list of names to constrain the CA hierarchy to. For example: *.gov, *.mil, *.gov.us",http://www.sheca.com/,China,http://www.sheca.com/policy/,http://www.sheca.com/service/driver/SHECACPENV1.1.2.1.pdf,http://www.sheca.com/service/driver/SHECACPSENV3.4.2.1.pdf,https://cert.webtrust.org/SealFile?seal=1683&file=pdf,https://bug566310.bugzilla.mozilla.org/attachment.cgi?id=8440548,,PricewaterhouseCoopers,WebTrust,2014.06.06,https://ef-g21.wwwtrust.org NEED: I am not able to browse to this site.
Unizeto Certum,Unizeto Technologies S.A.,Certum Certification Authority,Certum Trusted Network CA 2,Need Information from CA,https://bugzilla.mozilla.org/attachment.cgi?id=8410206,3E:5D:35:8F:28:3A:0F:64:7C:1C:92:7F:FB:AA:D4:85:2D:99:72:56,2011 Oct 06,2046 Oct 06,4096,SHA-512,Code; Email; Websites,1.2.616.1.113527.2.5.1.1,https://bugzilla.mozilla.org/show_bug.cgi?id=999378,https://valid-certum-ctncav2.certificates.certum.pl/,None,http://www.certum.eu/,Poland,http://www.certum.eu/certum/179898.xml,http://www.certum.eu/upload_module/wysiwyg/Certum_CP_v3_3.pdf,http://certum.pl/servlet/pl.id.sys.servlets.FileDownloadServlet?filename=/upload_module/downloads/dokuments/Certum_CPS_v3_7_en.pdf,https://cert.webtrust.org/SealFile?seal=1697&file=pdf,https://cert.webtrust.org/SealFile?seal=1699&file=pdf,https://cert.webtrust.org/SealFile?seal=1698&file=pdf,Ernst & Young,WebTrust,2014.07.09,"http://www.certum.eu/certum/cert,expertise_root_certificates.xml"
Finnish Population Register,Vaestorekisterikeskus CA,Varmennepalvelut,VRK Gov. Root CA,Need Information from CA,http://vrk.fineid.fi/certs/vrkrootc.crt,FA:A7:D9:FB:31:B7:46:F2:00:A8:5E:65:79:76:13:D8:16:E0:63:B5,2002 Dec 18,2023 Dec 18,2048,SHA-1,Websites,Not EV,https://bugzilla.mozilla.org/show_bug.cgi?id=463989,https://www.intermin.fi/,,http://www.vrk.fi/,,,http://www.fineid.fi/default.aspx?docid=4164,http://www.fineid.fi/default.aspx?docid=4162,https://bugzilla.mozilla.org/attachment.cgi?id=720615,,,Inspecta Finland,ETSI TS 102 042,2012.06.15,
Symantec / VeriSign,"VeriSign, Inc.""",VeriSign Trust Network,VeriSign Class 3 Public Primary Certification Authority - G4,Need Information from CA,Already Included,22:D5:D8:DF:8F:02:31:D1:8D:F7:9D:B7:CF:8A:2D:64:C9:3F:6C:3A,2007 Nov 05,2038 Jan 18,ECC P-384,ECC,Code; Email; Websites,2.16.840.1.113733.1.7.23.6,https://bugzilla.mozilla.org/show_bug.cgi?id=833974,https://ssltest35.ssl.symclab.com/,None,http://www.symantec.com/,Global,https://www.symantec.com/content/en/us/about/media/repository/,https://www.symantec.com/content/en/us/about/media/repository/stn-cp.pdf,https://www.symantec.com/content/en/us/about/media/repository/stn-cps.pdf,https://cert.webtrust.org/SealFile?seal=1565&file=pdf,http://www.symantec.com/content/en/us/about/media/repository/symantec-webtrust-audit-report.pdf,https://cert.webtrust.org/SealFile?seal=1565&file=pdf,KPMG,WebTrust,2014.06.18,https://bugzilla.mozilla.org/show_bug.cgi?id=1019864
Visa,VISA,Visa International Service Association,Visa Information Delivery Root CA,Need Information from CA,http://enroll.visaca.com/VisaInfoDeliveryRootCA.crt,5A:4D:0E:8B:5F:DC:FD:F6:4E:72:99:A3:6C:06:0D:B2:22:CA:78:E4,2005 Jun 27,2025 Jun 29,2048,SHA-1,Websites,Not EV,https://bugzilla.mozilla.org/show_bug.cgi?id=636557,https://enroll.visaca.com/,None,http://www.visa.com/,Global,http://www.visa.com/pki,http://www.visa.com/pki/pdf/VisaPublicKeyInfrastructureCertificatePolicy.pdf,Not published. See CP.,https://bug636557.bugzilla.mozilla.org/attachment.cgi?id=8475469,NEED: BR audit statement for this root and hierarchy. Please see: https://wiki.mozilla.org/CA:BaselineRequirements,,KMPG,WebTrust,2014.06.06,http://www.visa.com/pki/RootCerts.html
WoSign CA Limited,WoSign CA Limited,,CA WoSign ECC Root,Ready for Public Discussion,http://www.wosign.com/root/ws_ecc.crt,D2:7A:D2:BE:ED:94:C0:A1:3C:C7:25:21:EA:5D:71:BE:81:19:F3:2B,2014 Nov 08,2044 Nov 08,ECC P-384,ECC,Code; Email; Websites,1.3.6.1.4.1.36305.2,https://bugzilla.mozilla.org/show_bug.cgi?id=1156175,https://root5evtest.wosign.com/,None,http://www.wosign.com/,China,http://www.wosign.com/policy/cps_e.htm,,http://www.wosign.com/policy/wosign-policy-1-2-12.pdf,https://cert.webtrust.org/SealFile?seal=1843&file=pdf,https://cert.webtrust.org/SealFile?seal=1860&file=pdf,https://cert.webtrust.org/SealFile?seal=1842&file=pdf,Ernst & Young (EY),WebTrust,2015.02.28,http://www.wosign.com/english/root.htm
WoSign CA Limited,WoSign CA Limited,,Certification Authority of WoSign G2,Ready for Public Discussion,http://www.wosign.com/root/WS_CA1_G2.crt,FB:ED:DC:90:65:B7:27:20:37:BC:55:0C:9C:56:DE:BB:F2:78:94:E1,2014 Nov 08,2044 Nov 08,2048,SHA-256,Code; Email; Websites,1.3.6.1.4.1.36305.2,https://bugzilla.mozilla.org/show_bug.cgi?id=1156175,https://root4evtest.wosign.com/,None,http://www.wosign.com/,China,http://www.wosign.com/policy/cps_e.htm,,http://www.wosign.com/policy/wosign-policy-1-2-12.pdf,https://cert.webtrust.org/SealFile?seal=1843&file=pdf,https://cert.webtrust.org/SealFile?seal=1860&file=pdf,https://cert.webtrust.org/SealFile?seal=1842&file=pdf,Ernst & Young (EY),WebTrust,2015.02.28,http://www.wosign.com/english/root.htm